INSERT INTO public.addresses (address_no, address_type, city, country, postal_code, state, street) VALUES ('01', 'TEACHER', 'London', 'United Kingdom', '10000', null, 'Str. Garibaldi');
INSERT INTO public.addresses (address_no, address_type, city, country, postal_code, state, street) VALUES ('02', 'STUDENT', 'Paris', 'France', '10000', null, 'Str. Garibaldi');
INSERT INTO public.addresses (address_no, address_type, city, country, postal_code, state, street) VALUES ('03', 'TEACHER', 'Helsinki', 'Finland', '10000', null, 'Str. Luan Haradinaj');
INSERT INTO public.addresses (address_no, address_type, city, country, postal_code, state, street) VALUES ('04', 'STUDENT', 'Budapest', 'Hungary', '10000', null, 'Str. Pjeter Bogdani');
INSERT INTO public.addresses (address_no, address_type, city, country, postal_code, state, street) VALUES ('05', 'STUDENT', 'New Delhi', 'India', '10000', null, 'Str. Pablo Neruda');
INSERT INTO public.addresses (address_no, address_type, city, country, postal_code, state, street) VALUES ('06', 'TEACHER', 'Dublin', 'Ireland', '10000', null, 'Str. Mark Isaku');
INSERT INTO public.addresses (address_no, address_type, city, country, postal_code, state, street) VALUES ('07', 'STUDENT', 'Nairobi', 'Kenya', '10000', null, 'Str. Pjeter Bogdani');
INSERT INTO public.addresses (address_no, address_type, city, country, postal_code, state, street) VALUES ('08', 'STUDENT', 'Tripoli', 'Libya', '10000', null, 'Str. Luan Haradinaj');
INSERT INTO public.addresses (address_no, address_type, city, country, postal_code, state, street) VALUES ('09', 'TEACHER', 'Luxemburg', 'Luxembourg', '10000', null, 'Str. Mark Isaku');
INSERT INTO public.addresses (address_no, address_type, city, country, postal_code, state, street) VALUES ('10', 'TEACHER', 'Ankara', 'Turkey', '10000', null, 'Str. Luan Haradinaj');

INSERT INTO public.teachers (address_no, birthday, education_level, email, first_name, last_name, password, phone_number, username) VALUES ('01', '1972-01-06', 'MASTER', 'mike@email', 'Mike', 'Gotti', '123123123', '123123123', 'mike');
INSERT INTO public.teachers (address_no, birthday, education_level, email, first_name, last_name, password, phone_number, username) VALUES ('03', '1972-01-06', 'BACHELOR', 'frank@email', 'Frank', 'Lampi', '123123123', '123123123', 'frank');
INSERT INTO public.teachers (address_no, birthday, education_level, email, first_name, last_name, password, phone_number, username) VALUES ('06', '1972-01-06', 'BACHELOR', 'anna@email', 'Anna', 'Lampi', '123123123', '123123123', 'anna');
INSERT INTO public.teachers (address_no, birthday, education_level, email, first_name, last_name, password, phone_number, username) VALUES ('09', '1972-01-06', 'MASTER', 'khloe@email', 'Khloe', 'Edge', '123123123', '123123123', 'khloe');
INSERT INTO public.teachers (address_no, birthday, education_level, email, first_name, last_name, password, phone_number, username) VALUES ('10', '1972-01-06', 'DOCTORAL', 'jesse@email', 'Jesse', 'Knight', '123123123', '123123123', 'jesse');

INSERT INTO public.parents (address_no, birthday, email, first_name, last_name, password, phone_number, profession, username) VALUES ('02','1993-07-28', 'john@email.com', 'John', 'Watson', '123123123', '+38345111222', 'Software Engineer', 'johnwatson');
INSERT INTO public.parents (address_no, birthday, email, first_name, last_name, password, phone_number, profession, username) VALUES ('04','1987-07-28', 'loresa@email.com', 'Loresa', 'Nuredini', '123123123', '+38345111222', 'Psychologist', 'loresanuredini');
INSERT INTO public.parents (address_no, birthday, email, first_name, last_name, password, phone_number, profession, username) VALUES ('05','1970-01-01', 'fidan@email', 'Fidan', 'Bytyqi', '123123123', '123123123', 'Network Engineer', 'fidanbytyqi');
INSERT INTO public.parents (address_no, birthday, email, first_name, last_name, password, phone_number, profession, username) VALUES ('07','1987-07-28', 'gent@email.com', 'Gent', 'Gashi', '123123123', '+38345111222', 'Architect', 'gentgashi');
INSERT INTO public.parents (address_no, birthday, email, first_name, last_name, password, phone_number, profession, username) VALUES ('08','1970-01-01', 'nora@email', 'Nora', 'Loyd', '123123123', '123123123', 'Project Manager', 'noraloyd');

INSERT INTO public.students (address_no, birthday, email, first_name, last_name, password, phone_number, username, parent, teacher) VALUES ('05', '1998-01-27', 'kaya@email.com', 'Kaya', 'Bytyqi', '123123123', '0451141241', 'kaya', 'fidanbytyqi', 'mike');
INSERT INTO public.students (address_no, birthday, email, first_name, last_name, password, phone_number, username, parent, teacher) VALUES ('05', '1998-01-27', 'steve@email.com', 'Steve', 'Bytyqi', '123123123', '0451141241', 'steve', 'fidanbytyqi', 'mike');
INSERT INTO public.students (address_no, birthday, email, first_name, last_name, password, phone_number, username, parent, teacher) VALUES ('07', '1998-01-27', 'sara@email.com', 'Sara', 'Loyd', '123123123', '0451141241', 'sara', 'noraloyd', 'frank');
INSERT INTO public.students (address_no, birthday, email, first_name, last_name, password, phone_number, username, parent, teacher) VALUES ('07', '1998-01-27', 'jenie@email.com', 'Jennie', 'Loyd', '123123123', '0451141241', 'jennie', 'noraloyd', 'frank');
INSERT INTO public.students (address_no, birthday, email, first_name, last_name, password, phone_number, username, parent, teacher) VALUES ('02', '1998-01-27', 'malt@email.com', 'Malt', 'Watson', '123123123', '0451141241', 'malt', 'johnwatson', 'anna');
INSERT INTO public.students (address_no, birthday, email, first_name, last_name, password, phone_number, username, parent, teacher) VALUES ('02', '1998-01-27', 'troi@email.com', 'Troi', 'Watson', '123123123', '0451141241', 'troi', 'johnwatson', 'anna');
INSERT INTO public.students (address_no, birthday, email, first_name, last_name, password, phone_number, username, parent, teacher) VALUES ('04', '1998-01-27', 'lis@email.com', 'Lis', 'Nuredini', '123123123', '0451141241', 'lis', 'loresanuredini', 'khloe');
INSERT INTO public.students (address_no, birthday, email, first_name, last_name, password, phone_number, username, parent, teacher) VALUES ('04', '1998-01-27', 'kaan@email.com', 'Kaan', 'Nuredini', '123123123', '0451141241', 'kaan', 'loresanuredini', 'khloe');
INSERT INTO public.students (address_no, birthday, email, first_name, last_name, password, phone_number, username, parent, teacher) VALUES ('08', '1998-01-27', 'joss@email.com', 'Joselyn', 'Gashi', '123123123', '0451141241', 'joss', 'gentgashi', 'jesse');
INSERT INTO public.students (address_no, birthday, email, first_name, last_name, password, phone_number, username, parent, teacher) VALUES ('08', '1998-01-27', 'leon@email.com', 'Leon', 'Gashi', '123123123', '0451141241', 'leon', 'gentgashi', 'jesse');
